Order ID,Order Date,Region,Salesperson,Product,Units,Notes
so-20001,11/03/2025,west,ayesha khan,Laptop Pro 14,5,
so-20002,04/06/2025, north,BILAL AHMED,Laptop Pro 14,1,
so-20003,14/07/2025, north,BILAL AHMED,Laptop Pro 14,5,
so-20004,14/01/2025, north,BILAL AHMED,27in Monitor,1,
so-20005,19/10/2025,west,ayesha khan,Phone S23,1,
so-20006,18/03/2025,East ,usman tariq ,Phone S23,5,
so-20007,04/10/2025,East ,BILAL AHMED,Laptop Pro 14,5,
so-20008,19/11/2025,SOUTH, sara malik,Laptop Pro 14,5,
so-20009,23/02/2025, north,BILAL AHMED,Wireless Earbuds,5,
so-20010,14/06/2025,west,usman tariq ,Tablet 11,3,
so-20011,08/03/2025,SOUTH,ayesha khan,27in Monitor,3,
so-20012,17/08/2025,East ,usman tariq ,Tablet 11,5,
so-20013,03/02/2025,west,BILAL AHMED,Tablet 11,2,
so-20014,16/07/2025, north,ayesha khan,27in Monitor,5,
so-20015,26/06/2025,East , sara malik,27in Monitor,4,
so-20016,19/08/2025, north,ayesha khan,Tablet 11,4,
so-20017,23/11/2025, north,ayesha khan,Tablet 11,5,
so-20018,22/08/2025,East ,usman tariq ,Tablet 11,1,
so-20019,15/06/2025,SOUTH,ayesha khan,Wireless Earbuds,1,
so-20020,07/05/2025,SOUTH,BILAL AHMED,Wireless Earbuds,4,
so-20021,28/08/2025, north,BILAL AHMED,Wireless Earbuds,4,
so-20022,18/05/2025,SOUTH,usman tariq ,27in Monitor,3,
so-20023,23/07/2025,East ,usman tariq ,Phone S23,2,
so-20024,03/03/2025,SOUTH,BILAL AHMED,Phone S23,1,
so-20025,16/10/2025,SOUTH, sara malik,Tablet 11,1,
so-20005,19/10/2025,west,ayesha khan,Phone S23,1,
SO-20090,not a date,East,Hina Raza,Tablet Mini,2,bad date
SO-20091,12/03/2025,West,Ali Hassan,USB-C Hub,0,zero units
,14/03/2025,North,Omar Farooq,Phone Lite,1,missing ID
